{"cameraMode":{"drawMode":0,"name":"Shaded","section":"Shading Mode"},"sceneLighting":false,"audioPlay":false,"sceneViewState":{"showFog":true,"showMaterialUpdate":false,"showSkybox":true,"showFlares":true,"showImageEffects":true,"showParticleSystems":true},"in2DMode":false,"pivot":{"x":3.5104358196258547,"y":2.5999999046325685,"z":58.91484069824219},"rotation":{"x":-0.2456192523241043,"y":0.21084895730018617,"z":-0.05486302450299263,"w":-0.94456547498703},"size":3.8805408477783205,"orthographic":false}