{"cameraMode":{"drawMode":0,"name":"Shaded","section":"Shading Mode"},"sceneLighting":false,"audioPlay":false,"sceneViewState":{"showFog":true,"showMaterialUpdate":false,"showSkybox":true,"showFlares":true,"showImageEffects":true,"showParticleSystems":true},"in2DMode":false,"pivot":{"x":-2.097869873046875,"y":8.220598220825196,"z":-3.6648521423339845},"rotation":{"x":0.11237777769565582,"y":0.056518688797950748,"z":-0.00653523625805974,"w":0.9920353889465332},"size":1.7709977626800538,"orthographic":false}