{"cameraMode":{"drawMode":0,"name":"Shaded","section":"Shading Mode"},"sceneLighting":false,"audioPlay":false,"sceneViewState":{"showFog":true,"showMaterialUpdate":false,"showSkybox":true,"showFlares":true,"showImageEffects":true,"showParticleSystems":true},"in2DMode":false,"pivot":{"x":-2.371790647506714,"y":2.451016426086426,"z":54.969749450683597},"rotation":{"x":-0.24291284382343293,"y":-0.017436480149626733,"z":0.004335265140980482,"w":-0.9698817133903503},"size":2.681670665740967,"orthographic":false}