{"cameraMode":{"drawMode":0,"name":"Shaded","section":"Shading Mode"},"sceneLighting":false,"audioPlay":false,"sceneViewState":{"showFog":true,"showMaterialUpdate":false,"showSkybox":true,"showFlares":true,"showImageEffects":true,"showParticleSystems":true},"in2DMode":false,"pivot":{"x":5.9641804695129398,"y":2.1535887718200685,"z":54.0},"rotation":{"x":-0.24291284382343293,"y":-0.017436480149626733,"z":0.004335265140980482,"w":-0.9698817133903503},"size":0.7802351713180542,"orthographic":false}