{"cameraMode":{"drawMode":0,"name":"Shaded","section":"Shading Mode"},"sceneLighting":true,"audioPlay":false,"sceneViewState":{"showFog":true,"showMaterialUpdate":false,"showSkybox":true,"showFlares":true,"showImageEffects":true,"showParticleSystems":true},"in2DMode":false,"pivot":{"x":-0.00853508710861206,"y":-6.154808044433594,"z":6.82383918762207},"rotation":{"x":0.5448395013809204,"y":0.015233597718179226,"z":-0.010033806785941124,"w":0.8383418917655945},"size":39.22312545776367,"orthographic":false}