{"cameraMode":{"drawMode":0,"name":"Shaded","section":"Shading Mode"},"sceneLighting":true,"audioPlay":false,"sceneViewState":{"showFog":true,"showMaterialUpdate":false,"showSkybox":true,"showFlares":true,"showImageEffects":true,"showParticleSystems":true},"in2DMode":false,"pivot":{"x":0.8059422969818115,"y":11.926033020019532,"z":27.30522918701172},"rotation":{"x":0.4532974064350128,"y":0.04882030934095383,"z":-0.026196567341685296,"w":0.8896358013153076},"size":21.55246925354004,"orthographic":false}