{"cameraMode":{"drawMode":0,"name":"Shaded","section":"Shading Mode"},"sceneLighting":false,"audioPlay":false,"sceneViewState":{"showFog":true,"showMaterialUpdate":false,"showSkybox":true,"showFlares":true,"showImageEffects":true,"showParticleSystems":true},"in2DMode":false,"pivot":{"x":6.429999828338623,"y":2.1836352348327638,"z":55.0},"rotation":{"x":-0.24291284382343293,"y":-0.017436480149626733,"z":0.004335265140980482,"w":-0.9698817133903503},"size":0.833148181438446,"orthographic":false}