{"cameraMode":{"drawMode":0,"name":"Shaded","section":"Shading Mode"},"sceneLighting":false,"audioPlay":false,"sceneViewState":{"showFog":true,"showMaterialUpdate":false,"showSkybox":true,"showFlares":true,"showImageEffects":true,"showParticleSystems":true},"in2DMode":false,"pivot":{"x":-13.010000228881836,"y":3.00600004196167,"z":6.797880172729492},"rotation":{"x":-0.31722158193588259,"y":-0.006445372011512518,"z":0.0022789465729147197,"w":-0.948326826095581},"size":4.072004795074463,"orthographic":false}